,index,Area,Attribute,Chief_complaint_flag,category
0,PROCEDURE,SUBJECTIVE,History,0,12894
1,HISTORY,SUBJECTIVE,History,1,12283
2,DETAIL,SUBJECTIVE,Review of Systems,0,10203
3,IMPRESSION,ASSESSMENT,,0,6244
4,HEENT,ASSESSMENT,,1,5513
5,FINDINGS,OBJECTIVE,,1,4737
6,ASSESSMENT,ASSESSMENT,,0,4067
7,PRESENT ILLNESS,SUBJECTIVE,History of Present Illness,1,2841
8,POSTOPERATIVE DIAGNOSES,ASSESSMENT,,0,2738
9,PHYSICAL EXAMINATION,OBJECTIVE,,0,2690
10,MEDICATIONS,SUBJECTIVE,Medications,0,2636
11,OPERATIVE PROCEDURE,OBJECTIVE,,0,2586
12,PREOPERATIVE DIAGNOSES,ASSESSMENT,,0,2328
13,SOCIAL HISTORY,SUBJECTIVE,Social History,0,2270
14,HOSPITAL COURSE,OBJECTIVE,,0,2213
15,SYSTEMS,SUBJECTIVE,Review of Systems,0,2046
17,SUBJECTIVE,SUBJECTIVE,,0,1863
18,ASSESSMENT AND,ASSESSMENT,,0,1861
19,OPERATION,SUBJECTIVE,History,0,1643
20,IN DETAIL,SUBJECTIVE,Review of Systems,0,1567
21,ABDOMEN,ASSESSMENT,,1,1413
22,EXTREMITIES,ASSESSMENT,,1,1332
23,THE PROCEDURE,ASSESSMENT,,0,1330
24,POSTOPERATIVE DIAGNOSIS,ASSESSMENT,,0,1310
25,PROCEDURE DETAILS,OBJECTIVE,,0,1283
26,RECOMMENDATIONS,PLAN,,0,1282
27,PREOPERATIVE DIAGNOSIS,ASSESSMENT,,0,1264
28,LABORATORY DATA,OBJECTIVE,,0,1237
29,PROCEDURE DETAIL,OBJECTIVE,,0,1198
30,GENERAL,SUBJECTIVE,History,0,1191
31,NEUROLOGIC,SUBJECTIVE,Review of Systems,0,1157
32,FAMILY HISTORY,SUBJECTIVE,Social History,0,1060
33,CURRENT MEDICATIONS,SUBJECTIVE,Medications,0,1019
35,COURSE,ASSESSMENT,,0,961
36,VITAL SIGNS,OBJECTIVE,,0,958
37,THE OPERATION,OBJECTIVE,,0,869
38,OBJECTIVE,OBJECTIVE,,1,868
39,DISCHARGE,PLAN,,0,852
40,INDICATIONS,ASSESSMENT,,0,845
41,CHIEF COMPLAINT,OBJECTIVE,,1,825
42,EXAMINATION,SUBJECTIVE,Review of Systems,1,822
43,TECHNIQUE,OBJECTIVE,,0,815
44,ANESTHESIA,OBJECTIVE,,0,766
45,ALLERGIES,SUBJECTIVE,Allergies,0,752
46,PROCEDURE PERFORMED,SUBJECTIVE,History,0,734
47,MUSCULOSKELETAL,OBJECTIVE,,0,729
48,CARDIOVASCULAR,OBJECTIVE,,0,721
49,OPERATIVE TECHNIQUE,OBJECTIVE,,0,716
50,SUMMARY,OBJECTIVE,,0,692
51,PERRLA,OBJECTIVE,,0,683
52,DIAGNOSES,ASSESSMENT,,0,679
53,PROCEDURE NOTE,OBJECTIVE,,0,662
54,DISCHARGE DIAGNOSES,ASSESSMENT,,0,650
55,LYMPHATIC,ASSESSMENT,,0,642
56,DISCHARGE MEDICATIONS,PLAN,,0,639
57,DISCUSSION,ASSESSMENT,,0,596
58,PROCEDURES,OBJECTIVE,,0,585
59,HEART,ASSESSMENT,,0,577
60,LUNGS,ASSESSMENT,,0,548
61,BRIEF HISTORY,SUBJECTIVE,History,0,523
62,OPERATIVE NOTE,OBJECTIVE,,0,514
63,PSYCHIATRIC,ASSESSMENT,,0,512
64,PHYSICAL EXAM,OBJECTIVE,,0,511
65,IMPRESSION AND,ASSESSMENT,,0,508
67,INTERPRETATION,ASSESSMENT,,0,453
68,SURGERY,ASSESSMENT,,0,449
69,COMPLICATIONS,OBJECTIVE,,1,429
70,CHEST,OBJECTIVE,,0,388
73,GROSS FINDINGS,ASSESSMENT,,0,361
75,THROAT,ASSESSMENT,,0,351
76,STUDIES,ASSESSMENT,,0,348
77,ESTIMATED BLOOD,OBJECTIVE,,0,335
78,FINAL DIAGNOSES,ASSESSMENT,,0,329
79,DELIVERY NOTE,OBJECTIVE,,0,320
80,DESCRIPTION,OBJECTIVE,,0,315
81,CONCLUSIONS,ASSESSMENT,,0,298
82,ADMISSION,SUBJECTIVE,History,1,297
83,PROCEDURES PERFORMED,SUBJECTIVE,History,0,285
84,NARRATIVE,OBJECTIVE,,0,284
85,DERMATOLOGIC,ASSESSMENT,,0,283
86,MENTAL STATUS,ASSESSMENT,,0,274
87,TREATMENT,PLAN,,0,273
88,DISCHARGE INSTRUCTIONS,PLAN,,0,269
90,CONCLUSION,ASSESSMENT,,0,260
91,DISPOSITION,ASSESSMENT,,0,251
92,GASTROINTESTINAL,ASSESSMENT,,0,249
93,OPERATION PERFORMED,OBJECTIVE,,0,248
95,HEMODYNAMICS,OBJECTIVE,,0,240
96,NEUROLOGICAL EXAMINATION,OBJECTIVE,,0,235
97,MAJOR FINDINGS,OBJECTIVE,,0,232
100,GENITOURINARY,ASSESSMENT,,0,221
101,OPERATIVE REPORT,OBJECTIVE,,0,221
103,PRESENT COMPLAINTS,SUBJECTIVE,Chief Complaint,1,211
104,THE OR,OBJECTIVE,,0,211
105,RESPIRATORY,ASSESSMENT,,0,210
106,DIAGNOSTIC STUDIES,ASSESSMENT,,0,209
107,PLANS,PLAN,,0,209
108,NEUROLOGICAL,ASSESSMENT,,0,208
109,PROCEDURE DESCRIPTION,OBJECTIVE,,0,206
110,ADMISSION DIAGNOSES,ASSESSMENT,,0,206
112,OPERATIONS PERFORMED,SUBJECTIVE,History,0,203
113,INDICATION,ASSESSMENT,,0,198
115,RECTAL,ASSESSMENT,,0,186
116,OPERATIVE FINDINGS,OBJECTIVE,,0,179
117,OPERATIONS,OBJECTIVE,,0,178
118,FAMILY BACKGROUND,SUBJECTIVE,Social History,0,174
119,DIAGNOSIS,ASSESSMENT,,0,172
120,RESULTS,ASSESSMENT,,0,170
121,ANGIOGRAPHIC FINDINGS,OBJECTIVE,,0,168
122,EXTERNAL EXAMINATION,OBJECTIVE,,0,167
123,HOME MEDICATIONS,SUBJECTIVE,Medications,0,167
124,EVALUATION,OBJECTIVE,,0,166
125,VACTERL,ASSESSMENT,,0,162
126,AXIS IV,ASSESSMENT,,0,162
127,NSAID,SUBJECTIVE,Medications,0,159
128,ADMITTING DIAGNOSES,ASSESSMENT,,1,159
129,MEDICATIONS AT,SUBJECTIVE,Medications,0,156
130,CONSULTATION,OBJECTIVE,,0,155
132,DESCRIPTION OF,OBJECTIVE,,0,154
133,RELEVANT HISTORY,SUBJECTIVE,,0,147
134,RECOMMENDATION,ASSESSMENT,,0,146
135,DIAGNOSTIC IMPRESSION,OBJECTIVE,,0,146
137,SPECIMENS,OBJECTIVE,,0,144
138,PREOP DIAGNOSIS,ASSESSMENT,,0,143
139,PHYSICAL,SUBJECTIVE,Review of Systems,0,140
140,VISIT,OBJECTIVE,,0,138
141,DDAVP,OBJECTIVE,,0,136
142,REASON FOR,OBJECTIVE,,0,135
143,SENSORY,OBJECTIVE,,0,135
145,PROBLEM LIST,SUBJECTIVE,History of Present Illness,1,132
148,DEVELOPMENTAL HISTORY,SUBJECTIVE,History,0,126
149,CLINICAL HISTORY,SUBJECTIVE,History,0,120
151,FACE LIFT,OBJECTIVE,,0,117
152,DRAINS,OBJECTIVE,,0,116
153,FINAL DIAGNOSIS,ASSESSMENT,,0,116
154,DIAGNOSTIC DATA,OBJECTIVE,,0,116
155,CARDIAC,OBJECTIVE,,0,115
156,INTERVAL HISTORY,SUBJECTIVE,History,0,115
159,DISCHARGE DIAGNOSIS,ASSESSMENT,,0,114
160,PROBLEMS,SUBJECTIVE,Chief Complaint,1,113
161,CONSULT,PLAN,,0,113
162,POSTOPERATIVE PLAN,PLAN,,0,110
163,ANGIOGRAPHIC DATA,OBJECTIVE,,0,108
164,OPERATIVE NARRATIVE,OBJECTIVE,,0,108
165,REPORTED PROCEDURE,OBJECTIVE,,0,106
167,TESTING,OBJECTIVE,,0,105
168,ORAL CAVITY,OBJECTIVE,,0,104
169,POSTOP DIAGNOSIS,ASSESSMENT,,0,103
170,PRESENTING PROBLEMS,SUBJECTIVE,Chief Complaint,1,102
172,IMAGING,OBJECTIVE,,0,101
173,LABORATORY STUDIES,OBJECTIVE,,0,101
174,BETA BLOCKERS,OBJECTIVE,,0,100
175,REFERRAL,PLAN,,0,99
177,CRANIAL NERVES,OBJECTIVE,,0,98
178,FINAL IMPRESSION,ASSESSMENT,,0,98
179,NEURO,OBJECTIVE,,0,98
180,SYSTEM,OBJECTIVE,,0,96
181,LABORATORY,OBJECTIVE,,0,96
182,BREASTS,OBJECTIVE,,0,92
183,X-RAYS,OBJECTIVE,,0,91
184,WORK STATUS,OBJECTIVE,,0,91
185,CT PELVIS,OBJECTIVE,,0,90
186,SECONDARY DIAGNOSES,ASSESSMENT,,0,90
188,FLUIDS,OBJECTIVE,,0,90
189,BIRTH HX,OBJECTIVE,,0,88
190,ARTERY,OBJECTIVE,,0,88
195,LABORATORIES,OBJECTIVE,,0,81
196,ADMISSION DIAGNOSIS,ASSESSMENT,,0,81
198,KYPHON HV,OBJECTIVE,,0,80
199,PROBLEMS LIST,SUBJECTIVE,History of Present Illness,0,80
200,NEEDLE EMG,OBJECTIVE,,0,78
202,CORONARY ANATOMY,OBJECTIVE,,0,74
204,CLINICAL IMPRESSION,ASSESSMENT,,0,73
205,PATIENT,SUBJECTIVE,History of Present Illness,0,73
206,OPERATIVE PROCEDURES,OBJECTIVE,,0,73
207,GENITALIA,OBJECTIVE,,0,72
208,TREATMENT PLAN,PLAN,,0,72
209,PELVIC,OBJECTIVE,,0,71
211,INTRAOPERATIVE FINDINGS,OBJECTIVE,,0,70
212,EQUIPMENT RECOMMENDATION,PLAN,,0,69
213,MEDICAL HISTORY,SUBJECTIVE,History,0,69
216,CLINICAL,OBJECTIVE,,0,68
218,FOLLOWUP,PLAN,,0,65
219,LABORATORY FINDINGS,OBJECTIVE,,0,65
222,SPECIMEN,OBJECTIVE,,0,64
226,DETAILS,SUBJECTIVE,History of Present Illness,0,64
228,REFLEXES,OBJECTIVE,,0,63
232,CURRENT DIAGNOSES,ASSESSMENT,,0,62
233,CORONARY ANGIOGRAM,OBJECTIVE,,0,62
234,CHART REVIEW,OBJECTIVE,,0,62
235,GENERAL APPEARANCE,OBJECTIVE,,0,61
236,ASSESSMENTS,ASSESSMENT,,0,60
237,REVIEW OF,OBJECTIVE,,0,60
238,TO ADMISSION,SUBJECTIVE,,1,60
239,AND INTERVENTIONS,OBJECTIVE,,0,60
240,ENDOSCOPIC IMPRESSION,ASSESSMENT,,0,60
241,SHORT-TERM GOALS,PLAN,,0,59
242,SURGICAL HISTORY,SUBJECTIVE,History,0,59
243,VITALS,OBJECTIVE,,0,58
244,INSTRUMENT,OBJECTIVE,,0,58
245,AT HOME,SUBJECTIVE,History of Present Illness,0,58
246,PSYCHIATRIC HISTORY,SUBJECTIVE,History,0,58
248,STUDY,OBJECTIVE,,0,58
249,MEASURED INTRAOPERATIVE,OBJECTIVE,Vitals,N,58
250,THE HOSPITAL,Delete,,,57
251,SYMPTOMS,SUBJECTIVE,History of Present Illness,0,57
252,BLEPHAROPLASTY,PLAN,,N,57
253,MEDICAL PROBLEM,SUBJECTIVE,History,0,56
254,ENDOSCOPIC FINDINGS,OBJECTIVE,Review of Systems,N,56
256,OVERALL IMPRESSION,ASSESSMENT,,,56
257,EDUCATIONAL HISTORY,SUBJECTIVE,Social History,0,56
258,PRESENT COMPLAINT,SUBJECTIVE,Chief Complaint,1,56
259,COORD,Delete,,,55
260,HOSPITALIZATION,Delete,,,55
261,ILLNESS,Delete,,,55
263,THE SURGERY,Delete,,,54
265,CT ABDOMEN,OBJECTIVE,,,54
266,ACADEMIC BACKGROUND,SUBJECTIVE,Social History,,54
268,RESPIRATIONS,Delete,,,53
269,POSTOP DIAGNOSES,SUBJECTIVE,History of Present Illness,,52
270,DEVICE DATA,OBJECTIVE,,,52
272,DRUG ALLERGIES,SUBJECTIVE,Allergies,,51
273,PEERLA,SUBJECTIVE,Review of Systems,,51
274,SURGICAL INDICATIONS,SUBJECTIVE,Review of Systems,,51
275,SULFA,Delete,,,50
276,CRITICAL CARE,Delete,,,50
277,PRESENTING PROBLEM,SUBJECTIVE,History of Present Illness,,50
278,AXIS III,OBJECTIVE,,,50
280,LAB DATA,OBJECTIVE,,,49
281,COORDINATION,Delete,,,48
282,FORMULATION,Delete,,,48
284,ER COURSE,Delete,,,48
285,HEMODYNAMIC DATA,OBJECTIVE,,,48
286,MAMMOGRAPHY INFORMATION,OBJECTIVE,,,48
287,PROGNOSTIC IMPRESSION,OBJECTIVE,,,48
288,DIAGNOSES PROBLEMS,OBJECTIVE,,,48
290,ACTIVITY,Delete,,,48
291,CONDITION,Delete,,,48
292,VASCULAR,Delete,,,47
293,GEN EXAM,SUBJECTIVE,Review of Systems,,47
294,EMERGENCY DEPARTMENT,Delete,,,46
295,OPERATIVE INDICATIONS,Delete,,,46
296,C-ANCA,OBJECTIVE,,,46
297,FLAIR,Delete,,,46
298,NIDDM,ASSESSMENT,,,46
299,PAST HISTORY,SUBJECTIVE,Social History,,46
300,INSTRUCTIONS,Delete,,,46
301,BIRTH HISTORY,SUBJECTIVE,Social History,,46
302,TUNNEL RELEASE,SUBJECTIVE,Review of Systems,,46
303,DIGITORUM,SUBJECTIVE,Review of Systems,,45
304,INITIAL DIAGNOSES,ASSESSMENT,,,45
305,DISEASE,Delete,,,45
308,PRESENT MEDICATIONS,SUBJECTIVE,Medications,,44
309,TOAST,Delete,,,44
310,SPINE,SUBJECTIVE,Review of Systems,,44
311,RECORDS REVIEW,OBJECTIVE,Findings,,44
312,PROBLEMS DIAGNOSES,ASSESSMENT,,,44
313,COMPLETED IN,Delete,,,44
314,BREATHING,Delete,,,44
315,COMMENTS,Delete,,,43
316,INTERIM HISTORY,SUBJECTIVE,Social History,,42
317,#NAME?,Delete,,,42
318,RV-PA,Delete,,,42
319,TOURNIQUET TIME,OBJECTIVE,,,42
320,AND TREATMENT,Delete,,,42
321,DISCUSSION AND,Delete,,,42
322,ASSISTED LIPECTOMY,SUBJECTIVE,History of Present Illness,,42
323,PATHOLOGY,OBJECTIVE,,,42
324,RNA PCR,OBJECTIVE,,,42
325,EATING HISTORY,OBJECTIVE,,,42
326,DISCHARGE CONDITION,Delete,,,42
327,MEDIALIS,SUBJECTIVE,Review of Systems,,42
328,OPERATIVE COURSE,Delete,,,42
329,LABORATORY TESTS,OBJECTIVE,,,42
331,GASTROSTOMY,SUBJECTIVE,Review of Systems,,41
332,3-DIMENSIONAL SIMULATION,OBJECTIVE,,,40
333,AXIS II,OBJECTIVE,,,40
334,OF DISCHARGE,Delete,,,40
336,MANAGEMENT,Delete,,,40
337,RADIOGRAPHS,OBJECTIVE,,,39
338,COMMENT,Delete,,,39
339,IMMUNIZATIONS,OBJECTIVE,Immunizations,,39
345,BACTISEAL,Plan,,,38
346,BEAMS,Delete,,,38
347,OF INJURY,Delete,,,38
348,SYSTEMS REVIEW,OBJECTIVE,Review of Systems,,37
350,EYE EXAM,SUBJECTIVE,Review of Systems,,36
353,MEDICATIONS INPATIENT,Delete,,,36
355,PSYCHOLOGICAL,SUBJECTIVE,Social History,,36
356,#NAME?,Delete,,,36
357,ABDOMINAL AORTOGRAM,SUBJECTIVE,Review of Systems,,36
358,LYMPHATICS,OBJECTIVE,,,35
360,MEDICATION,OBJECTIVE,Medications,,34
361,OUTSIDE RECORDS,Delete,,,34
362,IDENTIFYING DATA,Delete,,,34
363,PROCEDURE TECHNIQUE,Delete,,,34
364,THERAPY,Delete,,,34
365,THE ED,Delete,,,34
367,CIRCUMCISION,Plan,,,34
370,PERSONAL HISTORY,SUBJECTIVE,Social History,,33
371,STAGE,Delete,,,33
374,HOSPITAL,Delete,,,32
375,DIAGNOSTIC FINDINGS,OBJECTIVE,,,32
376,THE PATIENT,Delete,,,32
377,POSTCATHETERIZATION DIAGNOSIS,ASSESSMENT,,0,32
378,SN60AT,OBJECTIVE,,,32
379,SPARC,Plan,,,32
380,PRINCIPAL DIAGNOSES,ASSESSMENT,,,32
382,STATUS EXAM,OBJECTIVE,Findings,,32
384,PSYCHIATRY,SUBJECTIVE,Review of Systems,,32
385,INFORMATION,Delete,,,32
387,SI40NB,OBJECTIVE,,,32
389,PULMONARY,OBJECTIVE,,,31
390,RADIOLOGIC DATA,OBJECTIVE,Review of Systems,,31
391,NUTRITIONAL HISTORY,SUBJECTIVE,Social History,,31
392,RECOMMENDATIONS AND,Delete,,,31
393,ANGIOGRAMS,Plan,,,30
394,NUTRITION,Plan,,,30
396,CATHETER,Plan,,,30
398,URINE OUTPUT,Plan,,,30
399,EMPLOYER,Delete,,,30
401,LOWER EXTREMITIES,SUBJECTIVE,Review of Systems,,30
402,NUCLEAR RESULTS,OBJECTIVE,Findings,,30
404,I-125 IMPLANTATION,Plan,,,30
405,DIAGNOSES ON,Delete,,,30
407,ADMITTING DIAGNOSIS,ASSESSMENT,,0,30
408,PERLA,SUBJECTIVE,Review of Systems,,30
409,FOLLOW UP,Delete,,,30
410,ARTERIOGRAPHY,Plan,,,30
413,RADIOLOGY,OBJECTIVE,,,29
414,INFORMED CONSENT,Delete,,,29
415,M-MODE,Delete,,,28
416,OF STAY,Delete,,,28
417,INTERPRETATIONS,Delete,,,28
418,STRENGTH,Delete,,,28
419,QUESTION,Delete,,,28
420,AND IMPRESSION,Delete,,,28
421,LAB ORDERS,OBJECTIVE,Findings,,28
422,HDR BRACHYTHERAPY,Plan,,,28
423,OUTPATIENT MEDICATIONS,OBJECTIVE,Medications,,28
424,ISSUES,Delete,,,28
425,VITRECTOMY OPENING,Plan,,,28
428,PRIMARY DIAGNOSES,ASSESSMENT,,,28
429,HEAD AND,Delete,,,28
430,TRANSFER DIAGNOSES,ASSESSMENT,,,28
432,CIVI-CAD,OBJECTIVE,,,28
434,PROSTATE CANCER,ASSESSMENT,,,28
436,BODY CAVITIES,SUBJECTIVE,Review of Systems,,28
437,HABITS,SUBJECTIVE,Social History,,28
438,PRIOR SURGERIES,SUBJECTIVE,History,,28
439,SACRO-ILIAC JOINTS,SUBJECTIVE,Review of Systems,,28
440,PROCEDURES UNDERTAKEN,Delete,,,28
441,LV-AO,ASSESSMENT,,,28
443,PAIN HISTORY,SUBJECTIVE,History,,27
444,INTERVENTION,Delete,,,26
445,SQ QM,Medication,,,26
448,HOSPITALIZATIONS,SUBJECTIVE,History,,26
449,BRIEF DESCRIPTION,SUBJECTIVE,History of Present Illness,,26
450,ADDITIONAL GOALS,Delete,,,26
452,THERAPY SIMULATION,OBJECTIVE,,,26
453,LABORATORY VALUES,OBJECTIVE,Findings,,26
456,INACTIVE CONDITIONS,Delete,,,26
457,CORONARIES,SUBJECTIVE,Review of Systems,,26
458,INTERNAL EXAMINATION,OBJECTIVE,Review of Systems,,25
459,LONG-TERM GOALS,Plan,,,25
460,#NAME?,Delete,,,25
461,CONSENT,Delete,,,25
462,S RELEASE,OBJECTIVE,,,24
463,HEMATOLOGIC,SUBJECTIVE,Review of Systems,,24
1263,. CARDIOVASCULAR,SUBJECTIVE,Review of Systems,,4
465,HOSPITAL SUMMARY,SUBJECTIVE,History of Present Illness,,24
466,DEVELOPMENTAL BACKGROUND,Delete,,,24
467,2-D STUDY,OBJECTIVE,,,24
469,DOPPLER,OBJECTIVE,,,24
470,ANATOMY,SUBJECTIVE,Review of Systems,,24
473,PREMEDICATIONS,SUBJECTIVE,History of Present Illness,,24
474,2-D ECHOCARDIOGRAM,OBJECTIVE,Review of Systems,,24
475,DELIVERY,Delete,,,24
476,OROPHARYNX,SUBJECTIVE,Review of Systems,,24
478,LYMPH,SUBJECTIVE,Review of Systems,,24
480,CONSULTS,Delete,,,24
481,RECTAL EXAM,OBJECTIVE,Review of Systems,,24
482,FOLLOWS,Delete,,,24
483,ADDENDUM,Delete,,,24
484,ARTERIAL LINE,SUBJECTIVE,Review of Systems,,24
485,INVESTIGATION,ASSESSMENT,,,24
486,INDUCED EVENT,SUBJECTIVE,History of Present Illness,,24
487,UPON ADMISSION,Delete,,,24
489,CASE DISCUSSION,Delete,,,23
490,IMAGING STUDIES,OBJECTIVE,,,23
491,BLOOD LOSS,ASSESSMENT,,,23
495,PREOPERATIVE INDICATIONS,ASSESSMENT,,,22
496,OF REJECTION,Delete,,,22
497,VFFTC,SUBJECTIVE,Review of Systems,,22
500,P.R.N. MEDICATIONS,Plan,,,22
501,DMARD,SUBJECTIVE,Social History,,22
504,PATIENT INSTRUCTIONS,Plan,,,22
507,DIAGNOSTICS,OBJECTIVE,Review of Systems,,22
509,LABORATORY EVALUATION,OBJECTIVE,Review of Systems,,22
510,PCF-160 AL,OBJECTIVE,,,22
511,AND PHYSICAL,Delete,,,22
514,PENICILLIN,Medication,,,22
515,THIS HOSPITALIZATION,Delete,,,22
516,HEMOSTASIS,ASSESSMENT,,,21
517,II XII,ASSESSMENT,,,21
519,RIGHT ANKLE,SUBJECTIVE,Review of Systems,,21
520,ON DISCHARGE,Plan,,,21
521,CERVICAL SPINE,SUBJECTIVE,Review of Systems,,21
522,MEDIA,Delete,,,21
523,SPECIFICATIONS,Delete,,,21
525,COMPARISON,Delete,,,21
526,ECASA,Medication,,,21
527,EVIDENCE COLLECTED,OBJECTIVE,,,21
528,SUGGESTION,ASSESSMENT,,,21
530,FOREIGN BODY,SUBJECTIVE,Review of Systems,,20
531,FLUIDS RECEIVED,OBJECTIVE,,,20
532,CORONARY ANGIOGRAPHY,OBJECTIVE,,,20
533,LEFT VENTRICULOGRAM,SUBJECTIVE,Review of Systems,,20
534,DISCHARGE PRESCRIPTIONS,Plan,,,20
535,ENDOCRINE,SUBJECTIVE,Review of Systems,,20
536,OPERATIVE PREPARATION,ASSESSMENT,,,20
537,DETAILED OPERATIVE,ASSESSMENT,,,20
538,ANATOMIC ANALYSIS,SUBJECTIVE,Review of Systems,,20
539,DISCHARGE NOTE,PLAN,,,20
541,WORKUP,Delete,,,20
543,AND MEDICATIONS,Medication,,,20
545,PSYCHOLOGICAL EXAMINATION,SUBJECTIVE,Review of Systems,,20
546,IV FLUIDS,OBJECTIVE,,,20
547,NASCET,SUBJECTIVE,Social History,,20
549,CLINICAL NOTE,Delete,,,20
550,HYPOGLYCEMIA,ASSESSMENT,,,20
551,IDENTIFICATION,ASSESSMENT,,,20
552,CURRENT INTERVENTION,Delete,,,20
553,#NAME?,Delete,,,20
554,ONE MONTH,SUBJECTIVE,History of Present Illness,,20
555,DONATE,Delete,,,20
556,STATION,Delete,,,19
557,IN SUMMARY,Delete,,,19
558,PREPROCEDURE PREPARATION,Delete,,,19
559,ACHIEVED IN,Delete,,,18
949,. EXTREMITIES,Delete,,,7
562,OPENING,Delete,,,18
563,POSTOPERATIVE,ASSESSMENT,,,18
1503,. LUNGS,SUBJECTIVE,Review of Systems,,2
565,TO BE,Delete,,,18
567,NASAL,SUBJECTIVE,Review of Systems,,18
568,SOCIAL HX,SUBJECTIVE,Social History,,18
1477,. LYMPH,SUBJECTIVE,Review of Systems,,2
1242,. MOTOR,SUBJECTIVE,Review of Systems,,4
573,RA-ERP,SUBJECTIVE,Review of Systems,,18
574,OCULAR FINDINGS,ASSESSMENT,,,18
575,PREMEDICATION,ASSESSMENT,,,18
1264,. RECTAL,SUBJECTIVE,Review of Systems,,4
1329,0 WBC,OBJECTIVE,,,3
1198,1 BID,OBJECTIVE,,,4
1022,1 RBC,OBJECTIVE,,,6
1444,1 SLAP,OBJECTIVE,,,2
582,LEFT VENTRICULOGRAPHY,SUBJECTIVE,Review of Systems,,18
584,LEFT MAIN,SUBJECTIVE,Review of Systems,,18
1445,1. DARVOCET,OBJECTIVE,,,2
587,IMPLANTS USED,SUBJECTIVE,History of Present Illness,,18
588,CARDIOVASCULAR EXAM,OBJECTIVE,Review of Systems,,18
590,GASTROINTESTINAL SYSTEM,OBJECTIVE,Review of Systems,,18
591,PSYCHOSOCIAL STATUS,SUBJECTIVE,Social History,,18
592,MOUTH,SUBJECTIVE,Review of Systems,,18
1644,10 OS,OBJECTIVE,,,2
594,IMMUNOHISTOCHEMICAL STUDIES,ASSESSMENT,,,18
1591,10 OU,OBJECTIVE,,,2
597,CARDIOVASCULAR SYSTEM,OBJECTIVE,Review of Systems,,17
598,CLINICOPATHOLOGIC CORRELATION,ASSESSMENT,,,17
599,ASPIRIN,OBJECTIVE,Medications,,17
600,PRESCRIPTIONS,PLAN,,,17
601,HELP ACNE,PLAN,,,17
602,EXTERNAL GENITALIA,SUBJECTIVE,Review of Systems,,17
1661,100 PRN,OBJECTIVE,,,2
1137,103FL,OBJECTIVE,,,4
1160,111 RR,SUBJECTIVE,Review of Systems,,4
1500,113 HR,SUBJECTIVE,Review of Systems,,2
1525,113 RR,SUBJECTIVE,Review of Systems,,2
608,THREE WEEKS,SUBJECTIVE,History of Present Illness,,16
1438,117 RR,SUBJECTIVE,Review of Systems,,2
610,LABORATORY EXAM,OBJECTIVE,Review of Systems,,16
611,ECHOCARDIOGRAPHIC DIAGNOSES,OBJECTIVE,Review of Systems,,16
1413,12 WEEKS,SUBJECTIVE,History of Present Illness,,2
613,MATERNAL HISTORY,SUBJECTIVE,Social History,,16
1431,14 BMW,SUBJECTIVE,Review of Systems,,2
1541,14 OD,SUBJECTIVE,Review of Systems,,2
617,SIX WEEKS,SUBJECTIVE,History of Present Illness,,16
618,X-RAY DATA,OBJECTIVE,,,16
623,STOMACH,SUBJECTIVE,Review of Systems,,16
624,HEART RATE,OBJECTIVE,,,16
1161,14 OS,SUBJECTIVE,Review of Systems,,4
629,CHRONIC SNORING,ASSESSMENT,,,16
632,LABORATORY EXAMINATION,OBJECTIVE,,,16
633,INTERVENTIONS,Delete,,,16
635,INTENT PATIENTS,Delete,,,16
636,ADDITIONAL DIAGNOSES,ASSESSMENT,,,16
1276,140 BPM,OBJECTIVE,,,4
638,PAST MEDICAL,SUBJECTIVE,Social History,,16
1609,18 FDG,OBJECTIVE,,,2
1073,2 WBC,OBJECTIVE,,,6
1110,20 PM,OBJECTIVE,,,5
1630,2002 EDD,OBJECTIVE,,,2
646,IMPLANTS,SUBJECTIVE,Social History,,15
1461,22 WBC,OBJECTIVE,,,2
648,OB HISTORY,SUBJECTIVE,Social History,,15
1677,246 MOSM,OBJECTIVE,,,2
650,SOCIO-ECONOMIC HISTORY,SUBJECTIVE,Social History,,15
1147,28 HR,OBJECTIVE,,,4
652,FACIAL BONES,SUBJECTIVE,Review of Systems,,15
1243,2980 BPX,OBJECTIVE,,,4
657,OPERATIVE DETAILS,OBJECTIVE,Review of Systems,,15
658,EXERCISE RESULTS,OBJECTIVE,Review of Systems,,14
659,GOAL TO,PLAN,,,14
1616,3 RBC,OBJECTIVE,,,2
1052,380 RBC,OBJECTIVE,,,6
1159,4 DTR,OBJECTIVE,,,4
1336,5 REM,OBJECTIVE,,,3
1667,64484 LT,OBJECTIVE,,,2
665,CURRENT MEDICINES,OBJECTIVE,Medications,,14
666,HISTORICAL,SUBJECTIVE,Social History,,14
668,RECOMMENDED THERAPY,PLAN,,,14
1044,69 RR,OBJECTIVE,,,6
1624,70BPM,OBJECTIVE,,,2
1153,72 LUE,OBJECTIVE,,,4
1516,750 PSI,OBJECTIVE,,,2
678,OBSERVATIONS,OBJECTIVE,Review of Systems,,14
682,GENERAL OBSERVATIONS,OBJECTIVE,Review of Systems,,14
1614,80 RR,OBJECTIVE,,,2
1425,80BPM,OBJECTIVE,,,2
685,LAB TESTS,OBJECTIVE,Review of Systems,,14
686,PRESENTING ILLNESS,SUBJECTIVE,Chief Complaint,Y,14
1378,86 RR,OBJECTIVE,,,3
1669,88 HCT,OBJECTIVE,,,2
1469,88 PLM,OBJECTIVE,,,2
1130,90 HR,OBJECTIVE,,,4
691,TEST RESULTS,OBJECTIVE,,,13
692,GYN HISTORY,SUBJECTIVE,Social History,,13
1544,91 HR,OBJECTIVE,,,2
1611,92 HR,OBJECTIVE,,,2
1084,94 CSF,OBJECTIVE,,,6
1625,94. CSF,OBJECTIVE,,,2
697,THROAT EXAM,SUBJECTIVE,Review of Systems,,13
1342,97 CSF,OBJECTIVE,,,3
699,NEUROPSYCHOLOGICAL EVALUATION,ASSESSMENT,,,12
700,AORTOGRAPHY,OBJECTIVE,,,12
703,FOLLOWUP APPOINTMENTS,PLAN,,,12
1337,97 UIHC,OBJECTIVE,,,3
1406,97. MRI,OBJECTIVE,,,2
1411,99BPM,OBJECTIVE,,,2
707,SOCIOECONOMIC HISTORY,SUBJECTIVE,Social History,,12
708,TEETH,SUBJECTIVE,Review of Systems,,12
709,RIGHT TRICEPS,SUBJECTIVE,Review of Systems,,12
711,CORONARY CTA,SUBJECTIVE,Review of Systems,,12
1401,A COUGH,OBJECTIVE,,,2
1134,A DNR,OBJECTIVE,,,4
1176,A PPD,OBJECTIVE,,,4
719,ENDOVASCULAR BRACHYTHERAPY,PLAN,,,12
1545,AB CD,delete,,,2
1250,ABDOMINAL CT,OBJECTIVE,,,4
724,CT SCAN,PLAN,,,12
900,ABNORMAL FINDINGS,ASSESSMENT,,,8
1320,ABSCESS,SUBJECTIVE,Review of Systems,,3
1367,ABUSE,SUBJECTIVE,Social History,,3
974,ACCESS,delete,,,6
1634,ACCESS METHOD,delete,,,2
1164,ACCUTANE,Medication,,,4
734,LEFT LEG,SUBJECTIVE,Review of Systems,,12
1570,ACE BANDAGES,Medication,,,2
1489,ACE INHIBITOR,Medication,,,2
1453,ACNE VULGARIS,ASSESSMENT,,,2
1340,AC-PC,OBJECTIVE,,,3
1467,ACTIVATION PROCEDURES,delete,,,2
742,NEW MEDICATIONS,PLAN,,,12
937,ADDITIONAL DETAILS,delete,,,7
744,INJECTION,Medication,,,12
745,JAW PAIN,SUBJECTIVE,History of Present Illness,,12
746,NECK EXAMINATION,SUBJECTIVE,Review of Systems,,12
1472,ADDITIONAL INSTRUCTIONS,delete,,,2
1576,ADENOIDECTOMY,SUBJECTIVE,History of Present Illness,,2
609,ADENOSINE PROVOCATION,SUBJECTIVE,History of Present Illness,,16
1025,ADHESIVE TAPE,delete,,,6
820,ADMISSION LABS,delete,,,10
888,ADMISSION PHYSICAL,delete,,,8
756,FUNCTIONAL HISTORY,SUBJECTIVE,Social History,,12
1322,ADRENALS,SUBJECTIVE,Review of Systems,,3
983,AF AE,delete,,,6
1007,AFFECT,delete,,,6
1437,AFTER MEDICATION,delete,,,2
1097,ALCOHOL INGESTION,SUBJECTIVE,History of Present Illness,,6
1049,ALLERGIC,Allergies,,,6
941,ALLERGY,Allergies,,,7
766,X-RAY RESULTS,OBJECTIVE,,,11
767,PREOPERATIVE MEDICATIONS,Medication,,,11
868,ALLOWED CONDITIONS,delete,,,8
1392,AMOXICILLIN CAUSES,Allergies,,,3
771,CORONARY ARTERY,SUBJECTIVE,Review of Systems,,10
773,IMAGING DATA,OBJECTIVE,,,10
1505,ANALGESIA,delete,,,2
931,ANALYSIS OF,delete,,,8
776,LABORATORY RESULTS,OBJECTIVE,,,10
778,#NAME?,delete,,,10
894,ANATOMICAL SUMMARY,SUBJECTIVE,Review of Systems,,8
1656,ANCILLARY FINDINGS,SUBJECTIVE,Review of Systems,,2
1296,AND AMPICILLIN,Medication,,,4
784,PROBLEM,SUBJECTIVE,Chief Complaint,,10
785,ANGIOPLASTY,PLAN,,,10
786,FAMILY HX,SUBJECTIVE,Social History,,10
787,INITIAL IMPRESSION,ASSESSMENT,,,10
788,PHYSICIAN,delete,,,10
789,PHYSICAL STATUS,SUBJECTIVE,Review of Systems,,10
790,ADMISSION SUMMARY,SUBJECTIVE,Chief Complaint,,10
791,CURRENT HISTORY,SUBJECTIVE,Social History,,10
1499,AND CEPHALOSPORINS,Medication,,,2
1422,AND CIPRO,Medication,,,2
683,AND DISABILITY,delete,,,14
890,AND DISPOSITION,delete,,,8
1035,AND FINDINGS,ASSESSMENT,,,6
1168,AND HOBBIES,SUBJECTIVE,Social History,,4
1553,AND IDENTIFICATION,delete,,,2
803,DIFFERENTIAL DIAGNOSIS,ASSESSMENT,,0,10
1581,AND INDICATIONS,delete,,,2
1457,AND PERFORMED,delete,,,2
860,AND PLAN,PLAN,,,9
664,AND SUMMARY,delete,,,14
948,AND SYMPTOMS,SUBJECTIVE,History of Present Illness,,7
810,SUBSTANCE HISTORY,SUBJECTIVE,Social History,,10
704,AND THROAT,SUBJECTIVE,Review of Systems,,12
1666,AND ZOCOR,Medication,,,2
1470,ANESTHESIA TIME,delete,,,2
1278,ANESTHETIC,delete,,,4
922,ANGINA,SUBJECTIVE,History of Present Illness,,8
1279,ANGIOGRAM,OBJECTIVE,,,4
1057,ANGIOGRAPHIC DETAILS,OBJECTIVE,,,6
821,PATIENT HISTORY,SUBJECTIVE,Social History,,10
902,ANGIOGRAPHY,OBJECTIVE,,,8
1604,ANGIOPLASTY CONCLUSION,ASSESSMENT,,,2
903,ANSWER,delete,,,8
1540,ANTIBIOTIC,Medication,,,2
828,LEGAL HISTORY,SUBJECTIVE,Social History,,10
1228,ANTICOAGULATION,Medication,,,4
1627,ANY MEDICATIONS,Medication,,,2
831,SECONDARY DIAGNOSIS,ASSESSMENT,,0,10
1133,AORTOGRAM,PLAN,,,4
959,APPEARANCE,delete,,,6
1016,APPORTIONMENT,ASSESSMENT,,,6
1291,APPROACH,delete,,,4
1399,ARE NONE,delete,,,3
1260,AS FOLLOWS,delete,,,4
839,EXAMINING PHYSICIANS,SUBJECTIVE,History of Present Illness,,9
795,ASCUS,OBJECTIVE,,,10
841,PATHOLOGICAL FINDINGS,OBJECTIVE,Review of Systems,,9
1598,ASSETS,delete,,,2
1067,ASSISTANT,delete,,,6
845,EXAMINING PHYSICIAN,SUBJECTIVE,History of Present Illness,,9
919,AT DISCHARGE,delete,,,8
1270,ATRIAL LEAD,SUBJECTIVE,Review of Systems,,4
1256,ATTITUDE,delete,,,4
1681,AUTOPSY,OBJECTIVE,,,2
1252,AWAKE,delete,,,4
1674,AXILLA,SUBJECTIVE,Review of Systems,,2
1292,AZITHROMYCIN,Medication,,,4
759,BACKGROUND ACTIVITY,delete,,,12
854,DRUG HISTORY,SUBJECTIVE,Social History,,9
693,BACKGROUND INFORMATION,delete,,,13
1304,BACTERIAL ANTIGENS,Medication,,,4
1092,BACTRIM,Medication,,,6
712,BALANCE,delete,,,12
1269,BASELINE EKG,OBJECTIVE,,,4
1082,BEHAVIORAL OBSERVATIONS,SUBJECTIVE,Social History,,6
971,BENEFITS,delete,,,6
863,NEUROLOGICAL EXAM,OBJECTIVE,,,8
1358,BETADINE,Medication,,,3
1535,BIAXIN,Medication,,,2
1009,BICAP,PLAN,,,6
783,BIMANUAL,PLAN,,,10
869,OBSTETRICAL HISTORY,SUBJECTIVE,Social History,,8
605,BIOMETRY,SUBJECTIVE,Review of Systems,,16
798,BIRADS,ASSESSMENT,,,10
747,BIRADS CATEGORY,ASSESSMENT,,,12
1498,BIVAD,ASSESSMENT,,,2
1293,BLOOD STUDIES,OBJECTIVE,,,4
1247,BLOOD TRANSFUSIONS,PLAN,,,4
1637,BODY SYSTEMS,SUBJECTIVE,Review of Systems,,2
1587,BRACHYTHERAPY,ASSESSMENT,,,2
1509,BRAIN CT,OBJECTIVE,,,2
892,BREAST,SUBJECTIVE,Review of Systems,,8
1582,BRIEF,delete,,,2
1530,BRIEF CLINICAL,delete,,,2
1318,BRIEF SUMMARY,delete,,,3
945,C NGT,delete,,,7
1221,CALCIUM SCORE,OBJECTIVE,,,4
1268,CANDIDATE,delete,,,4
1369,CAPABILITY,delete,,,3
1056,CARDIAC CHAMBERS,SUBJECTIVE,Review of Systems,,6
1258,CARDIAC RISKS,ASSESSMENT,,,4
1096,CARDIAC VALVES,SUBJECTIVE,Review of Systems,,6
997,CARDIOPULMONARY,,,,6
1195,CARIES,,,,4
895,ADMIT EXAM,OBJECTIVE,,,8
1512,CATARACT,ASSESSMENT,,,2
930,CATARACT FORMATION,ASSESSMENT,,,8
861,CATARACT SURGERY,PLAN,,,9
1460,CATHETERIZATION,ASSESSMENT,,,2
1155,CATHETERIZED URINE,OBJECTIVE,,,4
1549,CATHETERS,SUBJECTIVE,History of Present Illness,,2
1374,CAUSATION,,,,3
1041,CAUSES,delete,,,6
1148,CBC WNL,,,,4
1244,CCA PSV,,,,4
1354,CD ROM,delete,,,3
1485,CEREBROSPINAL FLUID,OBJECTIVE,,,2
1484,CF-H180AL,,,,2
1165,CHART NOTE,delete,,,4
1102,CHEST CT,OBJECTIVE,,,5
1641,CHEST PAIN,SUBJECTIVE,Chief Complaint,,2
1479,CHEST WALL,,,,2
1103,CHIEF COMPLAINTS,SUBJECTIVE,Chief Complaint,,5
1287,CHIEF COMPLIANT,SUBJECTIVE,Chief Complaint,,4
1229,CHILDREN,,,,4
1307,CHRONIC,,,,4
832,CIRCUMFLEX ARTERY,,,,10
923,ALCOHOL HISTORY,SUBJECTIVE,Social History,,8
924,PRINCIPAL DIAGNOSIS,ASSESSMENT,,0,8
1396,CLAIM NUMBER,,,,3
1465,CLINICAL DATA,,,,2
927,GYNECOLOGICAL HISTORY,SUBJECTIVE,Social History,,8
1643,CLINICAL EVENTS,,,,2
843,CLINICAL INDICATION,,,,9
1235,CLINICAL INDICATIONS,,,,4
1040,CLINICAL INFORMATION,,,,6
628,CLINICAL INTERPRETATION,,,,16
1319,CLINOCOPATHOLIGICAL CORRELATION,,,,3
1593,CLOSURE,,,,2
834,CLOTHING,,,,10
1368,CN II,,,,3
1613,COAGULATION STUDIES,,,,2
880,CODE STATUS,,,,8
947,CODEINE,,,,7
1156,COGNITIVE ASSESSMENT,,,,4
1647,COLON,,,,2
1171,COMMUNICATION SKILLS,,,,4
1603,COMPARISON STUDIES,,,,2
825,COMPARISONS,,,,10
1136,COMPLEXITY,,,,4
1183,COMPLIANCE,,,,4
1140,COMPLICATION,,,,4
950,ABUSE HISTORY,SUBJECTIVE,Social History,,7
764,COMPRESSION,,,,11
1042,CONCENTRATION,,,,6
1018,CONDITIONS,,,,6
1443,CONJUNCTIVITIS,ASSESSMENT,,,2
1026,CONSENT FORM,delete,,,6
875,CONSTITUTIONAL SYMPTOMS,ASSESSMENT,,,8
957,PERSANTINE RESULTS,OBJECTIVE,,,6
1267,CONSULT REQUEST,delete,,,4
877,CONSULTATIONS,PLAN,,,8
1033,CONTESTED CONDITION,,,,6
1527,CONTESTED CONDITIONS,,,,2
962,NECK EXAM,OBJECTIVE,,,6
1019,CONTINUING CARE,,,,6
663,CONTRAST,,,,14
1564,COORDINATION OF,,,,2
1169,COPING STRATEGIES,,,,4
1618,CORONARY ARTERIES,,,,2
1495,CORONARY ARTERIOGRAPHY,,,,2
969,OB-GYN HISTORY,SUBJECTIVE,Social History,,6
1061,COUNSELING,,,,6
769,COUNTS,,,,11
580,COURSE SUMMARY,,,,18
812,CPK-MB,,,,10
1090,CPT CODE,,,,6
1339,CPT-II,,,,3
1333,CROSS-CLAMP TIME,,,,3
1366,CT HEAD,,,,3
1636,CT KUB,,,,2
1357,CULTURES,,,,3
1361,CULTURES TAKEN,,,,3
951,CURRENT MEDICATION,,,,7
1220,CURRENT MEDS,,,,4
905,CURRENT OCCUPATION,,,,8
1471,CXR WNL,,,,2
1456,CYSTOSCOPY,,,,2
1115,DAILY LIVING,,,,5
586,DATA REVIEWED,,,,18
1065,DATABASE,,,,6
835,DATE OF,,,,10
1480,DE QUERVAIN,,,,2
1002,DEATH,,,,6
730,DEMILEE-USA,,,,12
1388,DENIED,,,,3
1262,DENTAL,,,,4
809,DESCENDING ARTERY,,,,10
1415,DESCRIBED,,,,2
859,DEVELOPMENT,,,,9
675,DEVELOPMENTAL,,,,14
641,DEVICE SETTINGS,,,,16
1010,NEUROLOGIC EXAM,OBJECTIVE,,,6
1036,DEVICES,,,,6
706,DEVICES USED,,,,12
960,DIABETES MEDICATIONS,,,,6
899,DIAGNOSTIC,,,,8
1088,DIAGNOSTIC IMAGERY,,,,6
906,DIAGNOSTIC IMAGING,,,,8
738,DIAGNOSTIC OPINION,,,,12
1579,DIAGNOSTIC TEST,,,,2
749,DIETARY,,,,12
743,DIETICIAN,,,,12
1029,DIFFERENTIAL DIAGNOSES,,,,6
1351,DIFFUSION CAPACITY,,,,3
1093,DIMENSIONS,,,,6
1458,DISABILITY,,,,2
1619,DISALLOWED CONDITION,,,,2
1326,DISCHARGE ACTIVITIES,,,,3
1602,DISCHARGE DATE,,,,2
944,DISCHARGE DIET,,,,7
1682,DISCHARGE FOLLOWUP,,,,2
577,DISCHARGE PLAN,,,,18
942,DISCHARGE SUMMARY,,,,7
1031,DISCHARGE WEIGHT,,,,6
1203,DIX-HALLPIKE,,,,4
1364,DKEFS,,,,3
660,DM II,,,,14
1577,DONE ON,,,,2
1621,DONOR,,,,2
1407,DOSEPAK,,,,2
694,DRAIN,,,,13
1569,DRESSINGS,,,,2
1414,DRUG SENSITIVITIES,,,,2
925,DRUG USE,,,,8
560,DSDNA,,,,18
1566,DSM-IV DIAGNOSES,,,,2
1000,DUODENUM,,,,6
1098,DURING PROCEDURE,,,,6
1066,EARLY DEMENTIA,,,,6
1135,ECLAMPSIA,,,,4
1054,GU EXAM,OBJECTIVE,,,6
955,ECSTASY INGESTION,,,,6
1051,ED STUDIES,,,,6
1080,EDD BY,,,,6
1359,EDUCATIONAL,,,,3
1575,ELECTROCARDIOGRAPHIC OBSERVATIONS,,,,2
891,ELECTROPHYSIOLOGIC MEASUREMENTS,,,,8
1039,ELECTROPHYSIOLOGICAL FINDINGS,,,,6
1300,ELEVATION,,,,4
1449,ELIMINATION,,,,2
595,ELISA,,,,18
1313,ENDOCRINE SYSTEM,,,,3
876,E-PAP,,,,8
689,EPIDUROGRAM,,,,13
1309,EQUIPMENT,,,,4
758,ESOPHAGUS,,,,12
1194,EVALUATE,,,,4
1325,EVIDENCE OF,,,,3
1635,EXERCISE STRESS,,,,2
671,EXTREMITY,,,,14
1079,IMPRESSION DIAGNOSIS,ASSESSMENT,,0,6
965,FABER,,,,6
1324,FACTORS,,,,3
847,FAMILY,,,,9
1432,FAMILY MEMBERS,,,,2
1547,FATHER,,,,2
1662,FDG-PET,,,,2
1466,FEEDING,,,,2
1645,FETAL ANATOMY,,,,2
796,FETAL BIOMETRY,,,,10
799,FINAL INTERPRETATION,,,,10
1170,FINDING,,,,4
1372,FIRST ASSISTANT,,,,3
1673,FLAGYL,,,,2
662,FLEXIBLE BRONCHOSCOPY,,,,14
1462,FLUID RECEIVED,,,,2
1101,FLUIDS GIVEN,,,,5
1306,FLUORO TIME,,,,4
1280,FLUOROSCOPY TIME,,,,4
1099,MEDICATION HISTORY,SUBJECTIVE,Social History,,6
579,FNF-RAM,,,,18
1017,FNF-RAM-HKS,,,,6
1196,FOLLOW-UP,,,,4
1623,FOLLOW-UP APPOINTMENT,,,,2
1104,NASAL EXAM,OBJECTIVE,,,5
1546,FOLLOWUP CARE,,,,2
1355,FOOD ALLERGY,,,,3
1178,FOR CONSULTATION,,,,4
1588,FOR PAIN,,,,2
1657,FOR SYNCOPE,,,,2
1650,FOR VISIT,,,,2
1251,FRACTURE,,,,4
1555,FUNCTIONAL ACTIVITIES,,,,2
1463,FUNCTIONAL ANALYSIS,,,,2
1114,TRAVEL HISTORY,SUBJECTIVE,Social History,,5
961,FUNCTIONAL CAPACITY,,,,6
1504,FUNCTIONAL INQUIRY,,,,2
1230,FUNCTIONAL MOBILITY,,,,4
935,FUNCTIONAL STATUS,,,,8
833,GENERAL EVALUATION,,,,10
926,GENERATOR DATA,,,,8
757,GENITAL,,,,12
1177,GENITOURINARY SYSTEM,,,,4
1011,GESTATIONAL AGE,,,,6
1550,GIF-XQ,,,,2
1439,GOALS,,,,2
1420,GREAT VESSELS,,,,2
1129,CHILDHOOD HISTORY,SUBJECTIVE,Social History,,4
1285,HAIR AND,,,,4
1218,HALMAGYI TEST,,,,4
1417,HARDWARE,,,,2
1584,HARDWARE USED,,,,2
1483,HEADACHE,,,,2
637,HEALTH HABITS,,,,16
1006,HEMATOPOIETIC,,,,6
872,HEMATURIA,,,,8
964,HEMOLYMPHATIC SYSTEM,,,,6
856,HEPATOBILIARY SYSTEM,,,,9
1563,HEROIN,,,,2
1397,HF HE,,,,3
1497,HIV ELISA,,,,2
1105,HOBBIES,,,,5
1144,NEUROLOGIC EXAMINATION,OBJECTIVE,,,4
1013,HR103 RR,,,,6
1146,MOTOR EXAM,OBJECTIVE,,,4
1494,HVAMC,,,,2
1493,HYDRONEPHROSIS,,,,2
813,HYPERFRACTIONATION,,,,10
858,I KNOW,,,,9
774,ICA EDV,,,,10
1209,ICA PSV,,,,4
688,ICD9 CODE,,,,14
1491,IDENTIFIED PROBLEMS,,,,2
1626,II DM,,,,2
677,III TIS,,,,14
976,ILLNESSES,,,,6
918,IMAGE ANALYSIS,,,,8
1113,IMMUNIZATION,,,,5
1317,IMMUNOLOGIC,,,,3
1173,IMPLANT,,,,4
1572,IMPLANT DEVICE,,,,2
1390,IMPORTANT,,,,3
1253,IMPRESSION ON,,,,4
1069,IMPRESSIONS,,,,6
1648,IN HOUSEHOLD,,,,2
815,INCAP,,,,10
732,INCISION TYPE,,,,12
936,INCLUDE,,,,8
1172,PRESENTATION HISTORY,SUBJECTIVE,Social History,,4
1343,INDICATION FOR,,,,3
695,INFECTION,,,,13
1537,INFECTIONS,,,,2
1070,INFECTIOUS DISEASE,,,,6
1193,INFORMANT,,,,4
1210,INITIAL STUDIES,,,,4
649,INJECTABLES,,,,15
1181,PREPROCEDURE DIAGNOSIS,ASSESSMENT,,0,4
1202,INJECTATE INCLUDED,,,,4
673,INJURIES OF,,,,14
1032,INPATIENT MEDICATIONS,,,,6
804,INSIGHT,,,,10
1255,INSPECTION,,,,4
696,INTEGUMENTARY,,,,13
614,INTERVENTIONS INCLUDE,,,,16
1543,INTRAVENOUS FLUID,,,,2
1191,FUNCTIONAL EXAMINATION,OBJECTIVE,,,4
1089,INTRAVENOUS FLUIDS,,,,6
830,INTRODUCTION,,,,10
1589,INVASIVE LINES,,,,2
1289,I-PAP,,,,4
1117,I-STAT,,,,5
1182,IT TREATED,,,,4
1560,ITCHING,,,,2
1233,IV NS,,,,4
1434,IV SEDATION,,,,2
1475,JOINT PLAY,,,,2
889,JOINTS,,,,8
1622,JUDGMENT,,,,2
1282,JUSTIFICATION,,,,4
1271,KEFLEX,,,,4
1521,KIDNEYS,,,,2
1328,KNOWN ALLERGIES,,,,3
1095,LAB STUDIES,,,,6
1633,LABORATORY DATABASE,,,,2
855,LABORATORY WORK,,,,9
1034,LACA-LPCA,,,,6
643,LAD FROM,,,,16
1528,LAMICTAL,,,,2
1081,LEAD INFORMATION,,,,6
1433,LEFT COMMON,,,,2
1446,LEGAL ISSUES,,,,2
1660,LEISURE LIFESTYLE,,,,2
1222,POSTPROCEDURE DIAGNOSIS,ASSESSMENT,,0,4
1580,LENS IMPLANT,,,,2
1208,LEVAQUIN,,,,4
1502,LIMITATIONS,,,,2
1410,LIVER,,,,2
1418,LOCAL,,,,2
1200,LOCATION,,,,4
1538,LONG-TERM GOAL,,,,2
1299,LOSS FROM,,,,4
1119,LOWER LOBES,,,,5
1356,L-SPINE,,,,3
1184,LUE FNF,,,,4
1234,AND HISTORY,SUBJECTIVE,Social History,,4
1532,LUMBAR SPINE,,,,2
1122,LUNG VOLUMES,,,,5
1249,LV EF,,,,4
958,LV GRAM,,,,6
763,LYMPH NODES,,,,11
967,LYMPH SYSTEM,,,,6
1241,COMPARISON EXAM,OBJECTIVE,,,4
578,MA30AC,,,,18
1211,MACRODANTIN,,,,4
765,MADE WORSE,,,,11
852,MAE-II,,,,9
1290,MARITAL STATUS,,,,4
1487,MARRIED,,,,2
1045,MATERIAL,,,,6
753,MATERIALS USED,,,,12
705,MCA CVA,,,,12
1585,MEASUREMENTS,,,,2
1109,MEDIASTINUM,,,,5
816,MEDICAL IMAGING,,,,10
952,MEDICAL NECESSITY,,,,6
1391,MEDICAL RECORD,,,,3
1274,MEDICATION CHANGES,,,,4
1190,MEDICATION COMPLIANCE,,,,4
1330,MEDICATIONS ARE,,,,3
1207,MEDICATIONS OUTPATIENT,,,,4
1284,MEDICATIONS PRESCRIBED,,,,4
1261,GYNECOLOGIC HISTORY,SUBJECTIVE,Social History,,4
1236,MEDICINES,,,,4
1448,MEMORY,,,,2
1062,METASTATIC,,,,6
932,METASTATIC DISEASE,,,,8
644,MICROSCOPIC DESCRIPTION,,,,16
1442,MILITARY SERVICE,,,,2
1237,MINI-MENTAL STATUS,,,,4
1254,MISCELLANEOUS,,,,4
1139,MOBIC,,,,4
1486,MORBIDITY,,,,2
1272,OPHTHALMOLOGY,OBJECTIVE,,,4
1273,IMMUNIZATION HISTORY,SUBJECTIVE,Social History,,4
984,MORPHINE,,,,6
1240,MORTALITY,,,,4
1679,MOTHER,,,,2
1015,MOTION,,,,6
1259,MOTOR ACTIVITY,,,,4
991,MPRESSION AND,,,,6
1124,MRI LEFT,,,,5
1376,MRI RIGHT,,,,3
996,MUSCLE,,,,6
1225,MUSCLE TONE,,,,4
1476,MUSCLES,,,,2
1074,MUSCULOSKELATAL,,,,6
954,MYOVIEW INTERPRETATION,,,,6
1100,NEEDLE COUNTS,,,,5
985,NEPHROSTOMY TUBE,,,,6
1352,NERVOUS SYSTEM,,,,3
867,NEUROLOGICAL CONSULTATION,,,,8
1224,NEUROLOGICAL SYMPTOMS,,,,4
1108,NEUROLOGICALLY,,,,5
1094,NEUROPSYCHOLOGICAL TESTING,,,,6
1639,NEUROVASCULAR,,,,2
1646,NO ALLERGIES,,,,2
1454,NONE KNOWN,,,,2
1312,NOT JNT,,,,3
1382,NOW RESOLVED,,,,3
1008,NQWMI,,,,6
982,NUCLEAR INTERPRETATION,,,,6
1305,PSYCHOLOGICAL HISTORY,SUBJECTIVE,Social History,,4
1075,NUCLEAR PROTOCOL,,,,6
989,NURSE,,,,6
1091,NUTRITIONAL STATUS,,,,6
992,O PMNS,,,,6
1565,OB HX,,,,2
1402,OBJECTIVE FINDINGS,,,,2
1350,OCCUPATION,,,,3
884,ODONTALGIA,,,,8
1314,WORK HISTORY,SUBJECTIVE,Social History,,3
1315,REFERRING DIAGNOSIS,ASSESSMENT,,0,3
570,OF AGITATION,,,,18
1232,OF DELIVERY,,,,4
1607,OF EACH,,,,2
1167,OF EDUCATION,,,,4
1047,OF MOTION,,,,6
827,OF STUDY,,,,10
968,OF SURGERY,,,,6
1128,OFFICE CHART,,,,4
1120,OMNIPAQUE,,,,5
836,ONCOLOGIC,,,,9
1386,OPERATION PREFORMED,,,,3
1416,OPERATIVE DIAGNOSES,,,,2
1188,OPHTHALMOLOGIC,,,,4
929,OPINION,,,,8
1112,OR ILLNESS,,,,5
1192,OTHER,,,,4
1213,OTHER ACTIVITIES,,,,4
1363,OTHER MEDICATIONS,,,,3
1334,PRE-PROCEDURE DIAGNOSIS,ASSESSMENT,,0,3
1478,OTHER PHYSICIAN,,,,2
715,OTHER PREPARATION,,,,12
1107,OTITIS MEDIA,,,,5
1338,POST-OPERATIVE DIAGNOSIS,ASSESSMENT,,0,3
1223,OTOSCOPY,,,,4
1596,OUTCOMES,,,,2
1341,POST-PROCEDURE DIAGNOSIS,ASSESSMENT,,0,3
1163,OUTPATIENT CARE,,,,4
1683,OVERALL NEUROLOGICAL,,,,2
1404,PACEMAKER DATA,,,,2
1347,SKIN EXAMINATION,OBJECTIVE,,,3
1145,PAID OFF,,,,4
1150,PAIN ASSESSMENT,,,,4
826,PALPATION,,,,10
1447,PANCREAS,,,,2
1601,PARAMETER SETTINGS,,,,2
1428,PARAMETRIC DATA,,,,2
1141,PARTNER,,,,4
849,PASAT,,,,9
1020,PAST HEALTH,,,,6
1028,PAST SURGICAL,,,,6
1151,PATIENT GOAL,,,,4
990,PATIENT POSITIONING,,,,6
1380,PATIENT STATUS,,,,3
1412,PAXIL,,,,2
741,PENIS,,,,12
943,PERFORMANCE STATUS,,,,7
1187,PERFORMED,,,,4
1474,PERICARDIUM,,,,2
910,PERINEPHRIC,,,,8
1283,PERIPHERAL VASCULAR,,,,4
1631,PERSONAL,,,,2
1371,AND EXAMINATION,OBJECTIVE,,,3
604,PERTINENT DATA,,,,17
912,PERTINENT FINDINGS,,,,8
977,PERTINENT LABORATORIES,,,,6
1375,EXAMINEE,OBJECTIVE,,,3
973,PERTINENT LABORATORY,,,,6
1548,PERTINENT MEDICATION,,,,2
1154,PERTINENT MEDICATIONS,,,,4
1321,PERTINENT PSYCHOSOCIAL,,,,3
687,PET CT,,,,14
1053,PET-CT,,,,6
1423,PHOTIC STIMULATION,,,,2
851,PLAN OF,,,,9
1298,PLANNED RECONSTRUCTION,,,,4
874,PLANNING,,,,8
1059,PO QAM,,,,6
1327,POSITION,,,,3
1539,POSTOP COMORBIDITIES,,,,2
781,POSTOP PLAN,,,,10
1377,POST-OP PLAN,,,,3
1393,JOINT EXAM,OBJECTIVE,,,3
1394,MUSCULOSKELETAL EXAMINATION,OBJECTIVE,,,3
1152,POSTOP SIZE,,,,4
1574,POSTOPERATIVE DAY,,,,2
733,POSTOPERATIVE DX,,,,12
1398,ANESTHESIOLOGY,OBJECTIVE,,,3
1138,POST-PAPAVERINE INJECTION,,,,4
754,POSTPROCEDURE DIAGNOSES,,,,12
1435,POSTPROCEDURE EVALUATION,,,,2
1071,POSTPROCEDURE INSTRUCTIONS,,,,6
1085,POST-SURGICAL HOUSING,,,,6
908,PRE-INJURY CAPACITY,,,,8
748,PRELIMINARY DIAGNOSES,,,,12
878,PRENATAL CARE,,,,8
1408,PRE-OP DIAGNOSIS,ASSESSMENT,,0,2
1409,BREAST EXAM,OBJECTIVE,,,2
881,PREOP DIAGNOSES,,,,8
1301,PREOP SIZE,,,,4
811,PREOPERATIVE DX,,,,10
1508,PREOPERATIVE INJECTABLES,,,,2
714,PREOPERATIVE NOTE,,,,12
1123,PREPARATION,,,,5
1654,PRESENT DRUG,,,,2
1353,PRESENT INJURY,,,,3
939,PRESENT PROBLEM,,,,7
723,PRESENTATION,,,,12
1421,TOXICOLOGY,OBJECTIVE,,,2
737,PRESENTING COMPLAINT,,,,12
1143,PRESSURE,,,,4
1400,PREVENTIVE CARE,,,,3
897,PREVIOUS COUNSELING,,,,8
870,PREVIOUS INJURIES,,,,8
1111,PREVIOUS SURGERIES,,,,5
1231,PREVIOUS ULTRASOUND,,,,4
1430,SENSORY EXAM,OBJECTIVE,,,2
885,PRINCIPAL PROCEDURE,,,,8
1552,PRINCIPAL PROCEDURES,,,,2
1331,PRIOR HOSPITALIZATIONS,,,,3
840,PROCEDURE CODES,,,,9
806,PROCEDURE DONE,,,,10
770,PROCEDURE IN,,,,10
1205,PROCEDURES DONE,,,,4
651,PROGNOSIS,,,,15
814,PROTOCOL,,,,10
1385,PROVIDED,,,,3
1615,PROZAC,,,,2
1180,PRURITUS,,,,4
1451,PSYCH,,,,2
1126,PSYCHE,,,,4
1162,PSYCHOMOTOR,,,,4
920,PT INR,,,,8
1672,PTT WNL,,,,2
1024,PULSE GENERATOR,,,,6
1571,QUESTIONS,,,,2
1206,RADIOGRAPHIC DATA,,,,4
1048,RADIOGRAPHIC STUDIES,,,,6
1652,RADIOLOGICAL DATA,,,,2
829,RAMUS INTERMEDIUS,,,,10
779,RAPD OD,,,,10
1514,RAPD OS,,,,2
850,RBANS,,,,9
1534,REASON,,,,2
1383,RECEIVED,,,,3
1189,RECIPIENT,,,,4
1142,RECORD,,,,4
1522,RECORDS REVIEWED,,,,2
879,RECREATION,,,,8
1559,RECREATIONAL PURSUITS,,,,2
801,REFERRAL INDICATION,,,,10
873,REFERRAL INDICATIONS,,,,8
1668,REFERRAL QUESTIONS,,,,2
1675,REFERRING PHYSICIAN,,,,2
1561,REFLEX,,,,2
1670,REFRACTION,,,,2
1628,RELAFEN,,,,2
1149,RELATIONSHIPS,,,,4
1310,REPLACEMENT,,,,4
1663,REPLACEMENTS,,,,2
612,REPORT,,,,16
1226,REQUESTED ALLOWANCE,,,,4
1436,REQUESTING PARTY,,,,2
915,RESPIRATION,,,,8
1083,RESPIRATORY CARE,,,,6
1308,RESPIRATORY PARAMETERS,,,,4
993,RESPIRATORY SYSTEM,,,,6
946,REST ECHO,,,,7
901,RESTRAINTS,,,,8
1488,BACK EXAM,OBJECTIVE,,,2
1526,RESTRICTING CAFFEINE,,,,2
1519,RESTRICTING SALT,,,,2
1492,ASSESSMENT RESULTS,OBJECTIVE,,,2
607,RESULT LETTER,,,,16
1531,RETICULOENDOTHELIAL SYSTEM,,,,2
1592,RETURN VISIT,,,,2
1323,RETURNED,,,,3
1199,RHEUMATOID ARTHRITIS,,,,4
1387,RHEUMATOLOGIC,,,,3
857,RIGHT BICEPS,,,,9
986,RIGHT FOOT,,,,6
740,RIGHT LEG,,,,12
1072,ROMBERG TEST,,,,6
882,RUQ US,,,,8
1311,S CONDITION,,,,3
853,S GOAL,,,,9
1678,S PERCEPTION,,,,2
752,SA60AT,,,,12
802,SCARS,,,,10
1520,SCHEDULING,,,,2
1511,DEVELOPMENT HISTORY,SUBJECTIVE,Social History,,2
1004,SCHOOL,,,,6
1513,RADIOLOGY STUDIES,OBJECTIVE,,,2
698,SCOOP,,,,12
1277,SCOPE,,,,4
1452,SCORE,,,,2
1275,SCREW IN,,,,4
1379,SEDATION,,,,3
661,SENSATION,,,,14
1227,SENSING THRESHOLDS,,,,4
1595,SERUM,,,,2
655,SERVICE,,,,15
1523,POST-OP DIAGNOSIS,ASSESSMENT,,0,2
1246,SESSION PLAN,,,,4
1629,SESSIONS COMPLETED,,,,2
1245,SICK CONTACTS,,,,4
896,SIGNIFICANT ANEMIA,,,,8
1302,SIGNIFICANT LAB,,,,4
1518,SIGNIFICANT LABS,,,,2
1557,SIMPLE,,,,2
1063,SIX HOURS,,,,6
1429,SKIN PREP,,,,2
1533,THE EXAM,OBJECTIVE,,,2
1403,SKIN PREPARATION,,,,2
1076,SLEEP,,,,6
1536,ENDOSCOPIC DIAGNOSIS,ASSESSMENT,,0,2
1427,SLEEP PATTERNS,,,,2
972,SLEEP QUESTIONNAIRE,,,,6
1078,SLNTC,,,,6
564,SLNTG,,,,18
616,SN60WF,,,,16
1542,ZYPREXA,Medication,,,2
576,SN60WS,,,,18
940,SOCIAL,,,,7
800,SOCIAL BACKGROUND,,,,10
824,SOCIAL HABITS,,,,10
988,SOCIAL WORK,,,,6
1473,SOCIOECONOMIC STATUS,,,,2
727,SPECIAL INSTRUCTIONS,,,,12
914,SPECIAL TESTS,,,,8
887,SPECIFICATION,,,,8
994,SPECIMEN REMOVED,,,,6
1578,SPECIMENS REMOVED,,,,2
1605,SPEECH,,,,2
1556,SPIRITUAL,,,,2
762,SPIROMETRY,,,,11
1349,SPLEEN,,,,3
1121,SPONGE COUNT,,,,5
1238,SPOUSE,,,,4
1373,STATE,,,,3
647,STATION AND,,,,15
645,STIMULATION THRESHOLDS,,,,16
593,STING,,,,18
1030,STRESS TECHNIQUE,,,,6
1567,1. EKG,OBJECTIVE,,,2
898,STRETCHES,,,,8
1586,STRUCTURE,,,,2
1204,STUDY PROTOCOL,,,,4
1106,SUBJECTIVE COMPLAINTS,,,,5
966,SUBSTANCE ABUSE,,,,6
1037,SUBSTANCE USE,,,,6
1027,SUCCESSFUL STENTING,,,,6
1612,SULFA DRUGS,,,,2
1551,SULFAS,,,,2
1370,SUMMARY ANALYSIS,,,,3
1496,SUPPORT SYSTEM,,,,2
1118,SUPPORT SYSTEMS,,,,5
1610,SUPPORTIVE ENVIRONMENT,,,,2
1216,SUPPORTS,,,,4
603,SURGERIES,,,,17
1440,SURGICAL,,,,2
1125,SURGICAL FINDINGS,,,,4
1455,SURGICAL PROCEDURE,,,,2
1395,SURGICAL PROGNOSIS,,,,3
956,SWELLING,,,,6
1506,SYMPTOM,,,,2
1594,SYSTEMIC,,,,2
1468,SYSTEMS REVEALS,,,,2
1665,T1N1MX,,,,2
844,TASKS ADMINISTERED,,,,9
911,TATTOOS,,,,8
606,TECHNICAL PROCEDURE,,,,16
1185,TECHNICAL QUALITY,,,,4
721,TECHNICAL SUMMARY,,,,12
1599,COMPARISON EXAMINATION,OBJECTIVE,,,2
1600,NUCLEAR CARDIOLOGY,OBJECTIVE,,,2
1510,TEST DONE,,,,2
1335,TESTICULAR ULTRASOUND,,,,3
1684,TESTS,,,,2
1360,TESTS ADMINISTERED,,,,3
1590,TESTS ORDERED,,,,2
1501,TETANUS STATUS,,,,2
848,TETRACYCLINE,,,,9
1608,PRECATHETERIZATION DIAGNOSIS,ASSESSMENT,,0,2
1214,THE CONSULT,,,,4
1517,THE FINDINGS,,,,2
1201,THE PAST,,,,4
1266,THE VISIT,,,,4
904,THIS TIME,,,,8
807,THORACIC SPINE,,,,10
886,THORAX,,,,8
1077,THOUGHT CONTENT,,,,6
1481,THOUGHT PROCESS,,,,2
1257,TIME MARRIED,,,,4
953,TIME MONITOR,,,,6
998,TIME SEEN,,,,6
913,TIME SPENT,,,,8
1642,TIME TOTAL,,,,2
1174,TIMES,,,,4
1043,TINEA PEDIS,,,,6
1132,TI-TI,,,,4
1175,TO HOSPITALIZATION,,,,4
684,TO OFFER,,,,14
980,TO PENICILLIN,,,,6
1680,TO POLLENS,,,,2
1515,TOTAL CONTRAST,,,,2
1529,TOTAL FLUID,,,,2
1640,TOTAL FLUOROSCOPY,,,,2
1286,TOTAL RECORDING,,,,4
938,TOTAL TOURNIQUET,,,,7
1248,TOURNIQUET,,,,4
1583,TOXICOLOGIC STUDIES,,,,2
690,TRANSFER,,,,13
1597,TRANSFUSIONS,,,,2
1281,TREATMENT PLANNING,,,,4
775,TTS III,,,,10
805,TUBES,,,,10
569,TURBT,,,,18
1087,TYPE OF,,,,6
464,UIHC ER,,,,24
1265,UIHC ETC,,,,4
1524,ULCER,ASSESSMENT,,,2
1424,UNKNOWN,,,,2
1664,UNSPECIFIED ANGINA,ASSESSMENT,,,2
729,URETERAL OBSTRUCTION,ASSESSMENT,,,12
1131,URINARY OBSTRUCTION,ASSESSMENT,,,4
963,URINE,,,,6
1288,VACCINATIONS,Plan,,,4
1316,VENA CAVA,Subjective,Review of Systems,,3
1215,VENTRICLE LEAD,Subjective,Review of Systems,,4
1012,VENTRICULAR LEAD,Subjective,Review of Systems,,6
1651,VESTIBULOCULAR REFLEX,Subjective,Review of Systems,,2
1558,VISCOSUPPLEMENTATION IN,Subjective,Review of Systems,,2
1617,VISUAL ACUITY,Subjective,Review of Systems,,2
1659,VITALS SIGNS,Subjective,Review of Systems,,2
1239,VOMITING,Subjective,History of Present Illness,,4
731,WAIS-III,OBJECTIVE,,,12
846,WAIS-IV,OBJECTIVE,,,9
736,WHAT IS,OBJECTIVE,,,12
865,WISC-III,OBJECTIVE,,,8
1384,WITH AND,,,,3
1606,WITHDRAWAL TIME,Delete,,,2
1348,WITHOUT CONTRAST,Delete,,,3
1344,WMS-III,OBJECTIVE,,,3
837,X-RAY,OBJECTIVE,,,9
933,X-RAY INTERPRETATION,ASSESSMENT,,,8
866,#NAME?,Delete,,,8
979,#NAME?,Delete,,,6
1021,#NAME?,Delete,,,6
1158,#NAME?,Delete,,,4
1332,#NAME?,Delete,,,3
1685,BE ACHIEVED,Delete,,,2
1686,TEMPORAL INCISION,Subjective,History of Present Illness,,2
1687,SEROLOGY,OBJECTIVE,,,2
1688,ALLOWED CONDITION,Delete,,,2
1690,HEIGHT,OBJECTIVE,,,2
1691,FOUR WEEKS,OBJECTIVE,,,2
1692,PREOPERATIVE,Delete,,,2
1693,70 RR,OBJECTIVE,,,2
1694,HEALTH-RELATED BEHAVIORS,Subjective,Social History,,2
1695,52 HR,OBJECTIVE,,,2
1696,THE TEST,OBJECTIVE,,,2
1697,BLOOD REPLACED,OBJECTIVE,,,2
1699,TREATMENT OPTION,ASSESSMENT,,,2
1701,SKELETAL,Subjective,Review of Systems,,2
1702,CONTRAST ADMINISTERED,Delete,,,2
1703,AND VANCOMYCIN,Medication,,,2
1704,SEASONAL ALLERGIES,Allergies,,,2
1705,DRUG INTOLERANCE,Allergies,,,2
1706,NARES,Subjective,Review of Systems,,2
1707,HYPERVENTILATION,OBJECTIVE,,,2
1708,IMMEDIATE COMPLICATIONS,Subjective,History of Present Illness,,2
1709,FALLOPIAN TUBES,Subjective,Review of Systems,,2
1710,116 BPM,OBJECTIVE,,,2
1711,#NAME?,Delete,,,2
1712,CAUSED HEADACHES,Delete,,,2
1713,ESTIMATED CONTRAST,Delete,,,2
1714,VACCINATION STATUS,Delete,,,2
1715,INFORMATION OBTAINED,Delete,,,2
1716,SIBLINGS,Subjective,Social History,,2
1718,OPERATIVE TIME,Delete,,,2
1719,IMAGES,Delete,,,2
1720,IMAGE TECHNIQUE,Delete,,,2
1721,MATERIALS,Delete,,,2
1722,AND NAILS,Delete,,,2
1723,ECHOCARDIOGRAM,OBJECTIVE,,,2
1724,SENSORIUM,Delete,,,2
1725,CATHETERS USED,ASSESSMENT,,,2
1726,WEIGHT,OBJECTIVE,,,2
1727,100 CC,OBJECTIVE,,,2
1728,PRIMARY DIAGNOSIS,ASSESSMENT,,0,2
1730,CRYSTALLOID GIVEN,Subjective,History of Present Illness,,2
1731,PERIOD,Delete,,,2
1732,APICAL STEROID,Medication,,,2
1733,AND TORADOL,Medication,,,2
1734,. HEENT,Subjective,Review of Systems,,2
1735,ARTICULAR,Subjective,Review of Systems,,2
1736,HEAD SHAKING,Subjective,History of Present Illness,,2
1737,AORTIC VALVE,Subjective,Review of Systems,,2
1738,POSTOPERATIVE CONDITION,Subjective,Social History,,2
1739,PREVIOUS OPERATIONS,Subjective,Social History,,2
1740,CARBON MONOXIDE,OBJECTIVE,,,2
1741,VERTEBRALS,Subjective,Review of Systems,,2
1743,MEDICATION PRESCRIBED,Plan,,,2
1744,OVARIES,Subjective,Review of Systems,,2
1745,22 BP,OBJECTIVE,,,2
1746,PAST AND,Delete,,,2
1747,HEMATOLOGY,ASSESSMENT,,,2
1749,LEFT ANTERIOR,Subjective,Review of Systems,,2
1750,NO STITCHES,ASSESSMENT,,,2
1751,PERCEPTION,Delete,,,2
1752,64 BPM,OBJECTIVE,,,2
1753,INTRAOPERATIVE COMPLICATIONS,ASSESSMENT,,,2
1754,45 CA,OBJECTIVE,,,2
1755,INTERNAL EXAM,Subjective,Review of Systems,,2
1756,NEEDLE COUNT,Delete,,,2
1757,WOMAC,Delete,,,2
1758,WAS NEGATIVE,ASSESSMENT,,,2
1759,MEDICAL DIAGNOSTICS,OBJECTIVE,,,2
1760,DEMEROL,ASSESSMENT,,,2
1761,RESPIRATORY MEASUREMENTS,OBJECTIVE,,,2
1762,OTHER TREATMENT,Delete,,,2
1763,FLUID,Delete,,,2
1764,6 SEM,OBJECTIVE,,,2
1765,625 RBC,OBJECTIVE,,,2
1766,HEPARIN-INDUCED THROMBOCYTOPENIA,ASSESSMENT,History of Present Illness,,2
1767,BIOMETRIC DATA,OBJECTIVE,,,2
1768,RIGHT ARYEPIGLOTTIC,Subjective,Review of Systems,,1
1769,BLOOD,Delete,,,1
1770,LEGAL,Delete,,,1
1771,UROGENITAL SYSTEM,Subjective,Review of Systems,,1
1772,EMG PARAMETERS,OBJECTIVE,,,1
1773,CPT4 CODE,Delete,,,1
1774,EPIGLOTTIS,Subjective,Review of Systems,,1
1775,REFLECTION,Delete,,,1
1776,DEVELOPMENTAL MILESTONES,Subjective,History of Present Illness,,1
1777,PARENT,Subjective,Social History,,1
1778,RECOVERY ROOM,Delete,,,1
1779,ANESTHESIOLOGIST,Delete,,,1
1780,TESTS ORDERS,OBJECTIVE,,,1
1781,RADIOLOGY FINDINGS,OBJECTIVE,,,1
1782,LATEX,Delete,,,1
1783,VAGINA,Subjective,Review of Systems,,1
1784,EEG PARAMETERS,OBJECTIVE,,,1
1785,RADIOGRAPHIC,OBJECTIVE,,,1
1786,SCALE,Delete,,,1
1787,CAUSES SKIN,Delete,,,1
1788,PRE-OP DIAGNOSES,Subjective,History of Present Illness,,1
1789,URINE SCREEN,OBJECTIVE,,,1
1790,IVABX,Medication,,,1
1791,SURGEON,Delete,,,1
1792,BECK TESTING,OBJECTIVE,,,1
1793,WITH CONTRAST,Delete,,,1
1794,MICROSCOPIC EXAMINATION,Subjective,Review of Systems,,1
1795,ADRENAL GLANDS,Subjective,Review of Systems,,1
1796,64483 LT,Subjective,Review of Systems,,1
1797,AORTA,Subjective,Review of Systems,,1
1798,PRE-OPERATIVE DIAGNOSIS,ASSESSMENT,,0,1
1799,SCHOOL HISTORY,Subjective,Social History,,1
1800,URINARY BLADDER,Subjective,Review of Systems,,1
1801,DISCHARGE ORDERS,Plan,,,1
1802,GROSS NEUROLOGICAL,Subjective,History of Present Illness,,1
1804,THYROID,Subjective,Review of Systems,,1
1805,30 PM,OBJECTIVE,,,1
1806,BENDER-GESTALT TEST,OBJECTIVE,,,1
1807,DRESSING,Delete,,,1
1808,RECURRENT COMPLICATIONS,Subjective,History of Present Illness,,1
1809,INJECTATE USED,Subjective,History of Present Illness,,1
1810,FEATURES,Delete,,,1
1811,GIFTS,Delete,,,1
1812,85 BPM,OBJECTIVE,,,1
1813,UTERUS,Subjective,Review of Systems,,1
1814,ON ROOM,Delete,,,1
1815,AND BANDAGE,Delete,,,1
1816,DETERMINATION,Delete,,,1
1817,EKG PARAMETERS,OBJECTIVE,Review of Systems,,1
1818,PROGRESS NOTES,Delete,,,1
1819,FAMILY AND,Delete,,,1
1820,BAND-AID,Subjective,History of Present Illness,,1
1821,ACCESSORY SPLEEN,Subjective,Review of Systems,,1
1822,ATHLETE,Subjective,Social History,,1
1823,PELVIS,Subjective,Review of Systems,,1
1824,POST-OP DIAGNOSES,Subjective,History of Present Illness,,1
1825,IMMUNOASSAY,Subjective,Review of Systems,,1
1826,TOLERATING ATIVAN,Allergies,,,1